customer_id,customer_name,gender,city,state
CUST000001,Radhika Sankar,Female,Gangtok,Himachal Pradesh
CUST000002,Kamya Rana,Female,Kavali,Jharkhand
CUST000003,Daksh Dewan,Male,Ahmedabad,Jharkhand
CUST000004,Ryan Pandya,Female,Berhampur,Chhattisgarh
CUST000005,Manya Pandit,Male,Salem,Punjab
CUST000006,Rushil Oza,Female,Katihar,West Bengal
CUST000007,Triya Shukla,Male,Raebareli,Tamil Nadu
CUST000008,Lakshit Raj,Male,Silchar,Telangana
CUST000009,Ekavir Narain,Male,Aizawl,Odisha
CUST000010,Zehaan Saraf,Male,Bijapur,Meghalaya
CUST000011,Darsh Raju,Female,Amravati,Uttarakhand
CUST000012,Aayush D’Alia,,Anantapuram,Jharkhand
CUST000013,Ekanta Char,Male,Jaipur,Arunachal Pradesh
CUST000014,Aahana Bhatnagar,Female,Dehradun,Kerala
CUST000015,Barkha Uppal,Male,Pimpri-Chinchwad,Bihar
CUST000016,Ganga Dugar,Male,Ambarnath,West Bengal
CUST000017,Eiravati Majumdar,Male,Phusro,Assam
CUST000018,Zayan Kanda,Female,Vasai-Virar,Uttarakhand
CUST000019,Harini Aggarwal,Female,Ambattur,Punjab
CUST000020,Krish Deol,Male,Gopalpur,Goa
CUST000021,Manbir Memon,Female,Jamalpur,Rajasthan
CUST000022,Damyanti Bali,Male,Morena,Uttarakhand
CUST000023,Upma Sharaf,Male,Alwar,Tripura
CUST000024,Gaurika Saraf,Male,Fatehpur,Uttar Pradesh
CUST000025,Janya Swamy,Male,Chandrapur,Madhya Pradesh
CUST000026,Yasti Parmar,Female,Rajkot,Gujarat
CUST000027,Tanish Sood,Male,Thoothukudi,Rajasthan
CUST000028,Ekalinga Doshi,Male,Pallavaram,Gujarat
CUST000029,Urmi Ganesh,Female,Jehanabad,Tripura
CUST000030,Siddharth Kala,Male,Kolkata,Tripura
CUST000031,Dhruv Balasubramanian,Female,Tumkur,Madhya Pradesh
CUST000032,Garima Bawa,Male,Jamalpur,Uttar Pradesh
CUST000033,Andrew Mand,Male,Korba,West Bengal
CUST000034,Vansha Agrawal,Female,Nandyal,West Bengal
CUST000035,Shravya Mital,Female,Ambarnath,Tamil Nadu
CUST000036,Ekanta Sur,Male,Thrissur,Telangana
CUST000037,Sanaya Shanker,Male,Hindupur,Tamil Nadu
CUST000038,Andrew Dube,Male,Allahabad,Tripura
CUST000039,Veer Ratti,Male, Ramgarh ,Karnataka
CUST000040,Yachana Chadha,Female,North Dumdum,Assam
CUST000041,Joshua Mahal,Female,Panihati,Jharkhand
CUST000042,Umang Sani,Male,Kumbakonam,Gujarat
CUST000043,Jairaj Pai,Male,Sambalpur,Uttar Pradesh
CUST000044,Frederick Handa,Male,Durg,Gujarat
CUST000045,Upkaar Baria,Male,Tiruchirappalli,Meghalaya
CUST000046,Fitan Desai,Female,Ludhiana,Goa
CUST000047,Irya Chauhan,Female,Junagadh,Uttarakhand
CUST000048,Nisha Ramakrishnan,Female,Agartala,Meghalaya
CUST000049,Lucky Solanki,Male,Jalgaon,Uttar Pradesh
CUST000050,Gaurav Bhagat,Female,Bhind,Maharashtra
CUST000051,Jeet Chahal,Male,Jalandhar,Jharkhand
CUST000052,Noah Soman,Female,Bally,Uttarakhand
CUST000053,Kamala Patil,Female,Guntur,Madhya Pradesh
CUST000054,Jonathan Varty,Female,Dehradun,Tamil Nadu
CUST000055,Zarna Deo,Female,Nagpur,Nagaland
CUST000056,Kai Garg,Female,Jaunpur,Karnataka
CUST000057,Zashil Sangha,Male,Kamarhati,Assam
CUST000058,Yutika Handa,Female,Kalyan-Dombivli,Nagaland
CUST000059,Ubika Rai,Female,Burhanpur,Madhya Pradesh
CUST000060,Ucchal Gala,Male,Mathura,Uttar Pradesh
CUST000061,Sai D’Alia,Female,Satna,Assam
CUST000062,Ojasvi Bala,Female,Berhampore,Chhattisgarh
CUST000063,Anamika Tripathi,Female,Malda,Karnataka
CUST000064,Gaurangi Gupta,Male,Sangli-Miraj & Kupwad,Jharkhand
CUST000065,Varenya Wadhwa,Male,Jamnagar,Meghalaya
CUST000066,Rohan Tandon,Male,Hazaribagh,Himachal Pradesh
CUST000067,Wriddhish Ranganathan,Female,Amroha,Maharashtra
CUST000068,Omisha Sampath,Male,Katni,Tamil Nadu
CUST000069,Triveni Dasgupta,Male,Bellary,Nagaland
CUST000070,Anya Ghose,Male,Siwan,Sikkim
CUST000071,Daksh Chanda,Male,Mira-Bhayandar,Gujarat
CUST000072,Harrison Khurana,Male,Katihar,Bihar
CUST000073,Laksh Anand,Male,Firozabad,Assam
CUST000074,Chakradev Mall,Female,Jamshedpur,Rajasthan
CUST000075,Baljiwan Gera,Female,Silchar,Gujarat
CUST000076,Yagnesh Toor,Male,Hubli–Dharwad,Rajasthan
CUST000077,Jagdish Anand,Male,Sasaram,Tripura
CUST000078,Aarush Nori,Female,Thoothukudi,Tamil Nadu
CUST000079,Leena Kata,Female,Dhanbad,Punjab
CUST000080,Yashoda Boase,Female,Bhalswa Jahangir Pur,Telangana
CUST000081,Veda Borde,Male,Thanjavur,Kerala
CUST000082,Thomas Subramanian,Female,Ratlam,Punjab
CUST000083,Ishanvi Sankaran,Male,Madanapalle,Meghalaya
CUST000084,Oviya Dhillon,Female,Cuttack,Rajasthan
CUST000085,Sai Sidhu,Male,Chinsurah,Manipur
CUST000086,Arin Kari,Male,Kadapa,Haryana
CUST000087,Mekhala Tara,Male,Srikakulam,Odisha
CUST000088,Jai Doshi,Male,Pali,Meghalaya
CUST000089,Jyoti Ganguly,Male,Bharatpur,Odisha
CUST000090,Ethan Saxena,Female,Mehsana,Goa
CUST000091,Chandran Choudhary,Male,Bhusawal,Tripura
CUST000092,Kabir Bakshi,Female,Sagar,Arunachal Pradesh
CUST000093,Hemang Patla,Male,Hajipur,Nagaland
CUST000094,Chameli Pant,Female,Guna,Bihar
CUST000095,Rohan Iyengar,Male,Vijayanagaram,Andhra Pradesh
CUST000096,Yashasvi Magar,Male,Tinsukia,Goa
CUST000097,Neelima Magar,Female,Bidhannagar,Odisha
CUST000098,Ekta Sankaran,Male,Tirunelveli,Himachal Pradesh
CUST000099,Shaurya Natarajan,Female,Singrauli,Chhattisgarh
CUST000100,Charvi Sekhon,Male,Gurgaon,Meghalaya
CUST000101,Ishanvi Pandit,Male,Nangloi Jat,Punjab
CUST000102,Chakradev Sangha,Female,Adoni,Uttarakhand
CUST000103,Charles Choudhary,Male,Thrissur,Gujarat
CUST000104,Saumya Bath,Female,Srikakulam,Gujarat
CUST000105,Wakeeta Varty,Female,Gulbarga,Punjab
CUST000106,Jagdish Yadav,Female, Baranagar ,Sikkim
CUST000107,Bhavani Misra,Male,Panvel,Odisha
CUST000108,Prisha More,Male,Jorhat,Uttarakhand
CUST000109,Vedant Dey,Male,Nanded,Bihar
CUST000110,Sai Kade,Male, Dehri ,Madhya Pradesh
CUST000111,Omya Mann,Female,Rajpur Sonarpur,Andhra Pradesh
CUST000112,Samarth Chopra,Female,Jabalpur,Tamil Nadu
CUST000113,Rajata Thakur,Female,Kalyan-Dombivli,Maharashtra
CUST000114,Aarini Chada,Female,Muzaffarnagar,Haryana
CUST000115,Aryan Bhavsar,Male,Howrah,Nagaland
CUST000116,Samaksh Mukhopadhyay,Female,Anand,Tamil Nadu
CUST000117,Samar Kaur,Female,Malegaon,Bihar
CUST000118,Faraj Bhatt,Male,Jamshedpur,Telangana
CUST000119,Charan Padmanabhan,Male,Mango,Meghalaya
CUST000120,Chavvi Kuruvilla,Female,Raiganj,Karnataka
CUST000121,Kamala Singhal,Male,Thrissur,West Bengal
CUST000122,Rajata Yadav,Female,Alappuzha,Nagaland
CUST000123,Vyanjana Comar,Unknown,South Dumdum,Kerala
CUST000124,Qadim Patel,Female,Nellore,Bihar
CUST000125,Nakul Wadhwa,Male,Singrauli,Uttar Pradesh
CUST000126,Widisha Behl,Male,Amravati,Andhra Pradesh
CUST000127,Xiti Mohanty,Female,Panipat,Meghalaya
CUST000128,Aarna Prasad,Female,Karawal Nagar,West Bengal
CUST000129,Kritika Sampath,Female,Unnao,West Bengal
CUST000130,Gabriel Sule,Male,Jalna,Sikkim
CUST000131,Xavier Mohan,Female,Kadapa,Tripura
CUST000132,Tanveer Basu,Female,Arrah,Telangana
CUST000133,Abdul Sundaram,Female,Siwan,Mizoram
CUST000134,Fiyaz Kurian,Male,Jamnagar,Himachal Pradesh
CUST000135,Siddharth Chaudhuri,Female,Raipur,Bihar
CUST000136,Nirja Magar,Female,Ratlam,Chhattisgarh
CUST000137,Panini Naidu,Female,Kochi,Manipur
CUST000138,Dakshesh Mammen,Male,Ambattur,Tripura
CUST000139,Zaid Parekh,Female,Gandhidham,Karnataka
CUST000140,Joshua Shukla,Female,Maheshtala,Arunachal Pradesh
CUST000141,Naksh Ratta,Male,Sambhal,Meghalaya
CUST000142,Jackson Bains,Male,Bellary,Meghalaya
CUST000143,Oviya Anand,Female,Kozhikode,Uttarakhand
CUST000144,Vamakshi Walla,Female,Kadapa,Karnataka
CUST000145,Vansha Ravi,Male,Jhansi,Rajasthan
CUST000146,Christopher Pandey,Female,Ratlam,Odisha
CUST000147,Gavin Khatri,Male,Bulandshahr,Andhra Pradesh
CUST000148,Janaki Bhatti,Male,Gaya,West Bengal
CUST000149,Yug Varughese,Female,Rajpur Sonarpur,Himachal Pradesh
CUST000150,Veer Venkatesh,Female,Thrissur,Tamil Nadu
CUST000151,Brijesh Zacharia,Female,Hindupur,Madhya Pradesh
CUST000152,Chanchal Naik,Female,Nangloi Jat,Assam
CUST000153,,Female,Karaikudi,West Bengal
CUST000154,Aadi Menon,Female,Ozhukarai,Madhya Pradesh
CUST000155,Dayamai Sahni,Female,Morbi,Rajasthan
CUST000156,Arjun Sanghvi,Male,Gopalpur,Tripura
CUST000157,Ayaan Rai,Female,Berhampore,Rajasthan
CUST000158,Lakshit Jayaraman,Male,Anantapur,Meghalaya
CUST000159,Gauri Mand,Male,Guntakal,Jharkhand
CUST000160,Aarini Prasad,Female,Purnia,Arunachal Pradesh
CUST000161,Ridhi Sahota,Male,Ludhiana,Kerala
CUST000162,George Gandhi,Male,Maheshtala,Madhya Pradesh
CUST000163,Qarin Brar,Male,Secunderabad,Telangana
CUST000164,Karan Majumdar,Female,Kalyan-Dombivli,Tripura
CUST000165,Jairaj Dhawan,Female,Kolkata,Gujarat
CUST000166,Xalak Vala,Female,Ichalkaranji,Tripura
CUST000167,Timothy Comar,Female,Mehsana,Madhya Pradesh
CUST000168,Vamakshi Sarraf,Male,Akola,Assam
CUST000169,Praneel Radhakrishnan,Male,Karaikudi,Nagaland
CUST000170,Chasmum Merchant,Female,Sikar,Uttarakhand
CUST000171,Leela Dhar,Female,Mumbai,Goa
CUST000172,Yug Varkey,Female,Vasai-Virar,Uttar Pradesh
CUST000173,Advik Mohanty,Female,Serampore,Punjab
CUST000174,Mohammed Gandhi,Female,Madanapalle,Goa
CUST000175,Ishita Kar,F,Thoothukudi,Uttar Pradesh
CUST000176,Aadhya Chada,Male,Katihar,Mizoram
CUST000177,Dev Bajaj,Female,Vijayanagaram,Chhattisgarh
CUST000178,Ganga Suresh,Male,Guntakal,Manipur
CUST000179,Sathvik Joshi,Female,Vadodara,Chhattisgarh
CUST000180,Udarsh Ramachandran,Female,Kurnool,Meghalaya
CUST000181,Neel Taneja,Female,Adoni,Chhattisgarh
CUST000182,Advik Memon,Male,Amroha,Bihar
CUST000183,Lekha Deep,Female,Panchkula,Manipur
CUST000184,Caleb Thakkar,Female,Sasaram,Andhra Pradesh
CUST000185,Mugdha Saraf,Female,Avadi,Andhra Pradesh
CUST000186,Vedika Karnik,Male,Sambhal,Himachal Pradesh
CUST000187,David Iyer,Male,Surat,Himachal Pradesh
CUST000188,William Rama,Female,Ramagundam,Odisha
CUST000189,Gopal Kapadia,Female,Gwalior,Chhattisgarh
CUST000190,Gautam Rau,Female,Sagar,Odisha
CUST000191,Kashish Shenoy,Male,Dehradun,Tamil Nadu
CUST000192,Pratyush Kapur,Female,Ambattur,Meghalaya
CUST000193,Qasim Konda,Male,Aligarh,Madhya Pradesh
CUST000194,Zaitra Wadhwa,Female,Bareilly,Telangana
CUST000195,Bhavini Loyal,Female,Bhind,West Bengal
CUST000196,Wriddhish Menon,Male,Agartala,Maharashtra
CUST000197,Balendra Nagarajan,Female,Agartala,Assam
CUST000198,Ayushman Vohra,Female,Madhyamgram,Nagaland
CUST000199,,Male,Ambarnath,Tripura
CUST000200,Krishna Sarin,Male,Rewa,Arunachal Pradesh
CUST000201,Ranveer Doshi,Male,Patna,Nagaland
CUST000202,Mitali Dhar,Male,Loni,Andhra Pradesh
CUST000203,Balhaar Gara,Male,Madurai,Goa
CUST000204,Lucky Sawhney,Female,Davanagere,Bihar
CUST000205,David Varkey,Female,Bhavnagar,Jharkhand
CUST000206,Oni Krishnamurthy,Female,Motihari,Uttar Pradesh
CUST000207,Upma Handa,Male,Haldia,Madhya Pradesh
CUST000208,Kabir Soni,Male,Patna,Telangana
CUST000209,Ekanta Bora,Female,Coimbatore,Tamil Nadu
CUST000210,Janya Lata,Male,Anantapur,Punjab
CUST000211,Harsh Chad,Male,Srikakulam,Uttar Pradesh
CUST000212,Vrishti Bali,Male,Proddatur,Gujarat
CUST000213,Yashodhara Pai,Female,Gandhinagar,West Bengal
CUST000214,Meera Dugal,Female,Bhatpara,Uttarakhand
CUST000215,Chandran Gill,Female,Surat,Goa
CUST000216,Shaurya Babu,Male,Bally,Mizoram
CUST000217,Vasana Sandal,Male,Dindigul,Himachal Pradesh
CUST000218,Ekaja Khare,Male,Akola,Sikkim
CUST000219,Aachal Munshi,Unknown,Berhampore,Himachal Pradesh
CUST000220,Yashica Mahajan,,Shahjahanpur,Sikkim
CUST000221,Ayush Venkatesh,Female,Bharatpur,Uttarakhand
CUST000222,Ladli Bora,Male,Raipur,Karnataka
CUST000223,Vansha Ramesh,Female,Kalyan-Dombivli,Haryana
CUST000224,Upkaar Sangha,Male,Katihar,Tamil Nadu
CUST000225,Mitali Pillay,Female,Karnal,Nagaland
CUST000226,Odika Dutt,Male,Secunderabad,Bihar
CUST000227,Sachi Nazareth,Male,Rajkot,Arunachal Pradesh
CUST000228,Upasna Sheth,Female,Loni,Tripura
CUST000229,Jalsa Sabharwal,Male,Maheshtala,Punjab
CUST000230,Gagan Dara,Female,Eluru,Assam
CUST000231,Brinda Karnik,Female,Jorhat,Meghalaya
CUST000232,Nirja Sidhu,Male,Proddatur,Punjab
CUST000233,Jyoti Bir,Female,Hindupur,Andhra Pradesh
CUST000234,Vidhi Balan,Female,Rajpur Sonarpur,Chhattisgarh
CUST000235,Oeshi Pingle,Male,Ujjain,Uttarakhand
CUST000236,Rohan Ramachandran,Female,Salem,Arunachal Pradesh
CUST000237,Chasmum Sampath,Male,Anand,Bihar
CUST000238,Neelima Master,Female,Kota,Jharkhand
CUST000239,Bimala Sachar,Male,Dehri,Andhra Pradesh
CUST000240,Logan Bhavsar,Male,Nellore,Haryana
CUST000241,Leena Shenoy,Female,Jalandhar,Manipur
CUST000242,Nicholas Jani,Female,Korba,Haryana
CUST000243,Max Iyengar,Male,Panvel,Odisha
CUST000244,Falak Balan,Male,Jalna,West Bengal
CUST000245,Jeevika Lad,Male,Medininagar,Assam
CUST000246,Azaan Venkataraman,Male,Erode,Nagaland
CUST000247,Qushi Acharya,Female,Nangloi Jat,Punjab
CUST000248,Oni Kurian,Male,Katni,West Bengal
CUST000249,Vedant Kapadia,Female,Allahabad,Goa
CUST000250,Jhalak More,Female,Dindigul,Bihar
CUST000251,Nathaniel Devi,Female,Ranchi,Haryana
CUST000252,Jason Parmer,Male,Jammu,Telangana
CUST000253,Thomas Mishra,Female,Bardhaman,Odisha
CUST000254,Ria Om,Female,Pudukkottai,Andhra Pradesh
CUST000255,Dakshesh Date,Female,Guwahati,Goa
CUST000256,Zehaan Upadhyay,Male,Kollam,Sikkim
CUST000257,Aradhana Ravel,Male,Jalandhar,Odisha
CUST000258,Dayamai Dalal,Male,Katihar,Gujarat
CUST000259,Darsh Kuruvilla,Female,Vadodara,Andhra Pradesh
CUST000260,Raghav Balasubramanian,Female,Morena,Uttarakhand
CUST000261,Girish Subramaniam,Male,Anand,Maharashtra
CUST000262,Peter Butala,Male,Pimpri-Chinchwad,Manipur
CUST000263,Nicholas Nagy,Female,Hindupur,Uttarakhand
CUST000264,Ayushman Shukla,Male,Tirupati,Assam
CUST000265,Kashish Barad,Male,Amaravati,Rajasthan
CUST000266,Girik Buch,Male,Raurkela Industrial Township,Nagaland
CUST000267,Manya Shanker,Male,Munger,Odisha
CUST000268,Vasana Krishnan,Female,Arrah,Telangana
CUST000269,Upasna Borah,Male,Bijapur,Uttarakhand
CUST000270,Bhavika Badami,Male,Suryapet,Mizoram
CUST000271,Dhruv Mangal,Male,Ulhasnagar,Karnataka
CUST000272,Ansh Bora,Male,Jabalpur,Tamil Nadu
CUST000273,Jeremiah Raman,Female,Amroha,Bihar
CUST000274,Fiyaz Suresh,Female,Chandrapur,Telangana
CUST000275,Shivansh Pandey,Female,Jehanabad,Himachal Pradesh
CUST000276,Aarna Batta,Male,Agartala,West Bengal
CUST000277,Yashawini Balan,Male,Bidar,Sikkim
CUST000278,Anita Sangha,Female,Malegaon,Kerala
CUST000279,Amrita Keer,Male,Tezpur,Jharkhand
CUST000280,Lakshit Choudhary,Male,Bhimavaram,Kerala
CUST000281,Yashawini Nagar,Female,Aizawl,Karnataka
CUST000282,Wishi Barman,Female,Lucknow,Kerala
CUST000283,Amaira Sathe,Male,Guntakal,Manipur
CUST000284,Jonathan Loke,Male,Hindupur,Odisha
CUST000285,Gautam Dave,Female,Delhi,Tripura
CUST000286,Aditya Shah,Female,Kurnool,Andhra Pradesh
CUST000287,Rehaan Wason,Female,Malda,Jharkhand
CUST000288,Ekaraj Hora,Female,Tezpur,Andhra Pradesh
CUST000289,Chakradev Deshmukh,Female,Tiruppur,Tamil Nadu
CUST000290,Upkaar Sabharwal,Male,Cuttack,Uttar Pradesh
CUST000291,Janani Sibal,Male,Udaipur,Uttar Pradesh
CUST000292,Vasatika Gill,Male,Katni,Maharashtra
CUST000293,Udarsh Dada,Male,Kurnool,Odisha
CUST000294,Barkha Kari,Male,Ahmednagar,Telangana
CUST000295,Udyati Rastogi,Female,Kollam,Kerala
CUST000296,Eshana Tailor,Female,Ongole,Haryana
CUST000297,Isaiah Bhatti,Female,Dibrugarh,Himachal Pradesh
CUST000298,Tristan Koshy,Male,Bhilai,Haryana
CUST000299,Prisha Vyas,Female,Shivpuri,Tamil Nadu
CUST000300,Sai Ram,Male,Bhilwara,Rajasthan
CUST000301,Kamala Mand,Male,Ozhukarai,Maharashtra
CUST000302,Pratyush Sunder,Male,Akola,Himachal Pradesh
CUST000303,Pratyush Brar,Male,Noida,Telangana
CUST000304,Nirja Choudhury,Female,Nanded,Tripura
CUST000305,Ekiya Bal,Male,Tiruppur,Gujarat
CUST000306,Priya Kulkarni,Female,Bhind,Telangana
CUST000307,Arunima Mammen,Male,Aurangabad,Madhya Pradesh
CUST000308,Urvi Pillai,Male,Bilaspur,Kerala
CUST000309,Lohit Tara,Male,Hospet,Tripura
CUST000310,Quincy Tata,Male,Ahmedabad,Tripura
CUST000311,Triya Edwin,Female,Delhi,Telangana
CUST000312,Robert Mammen,Female,Bhalswa Jahangir Pur,Uttar Pradesh
CUST000313,Krish Kaur,Male,Ramgarh,West Bengal
CUST000314,Rachita Bhalla,Male,Karimnagar,Gujarat
CUST000315,Noah Ganguly,Female,Ambarnath,Tamil Nadu
CUST000316,Patrick Sunder,Male,Hubli–Dharwad,Sikkim
CUST000317,Fiyaz Lalla,Male,Raiganj,Arunachal Pradesh
CUST000318,Qushi Biswas,Female,Nagpur,Kerala
CUST000319,Ganga Sahni,Female,Kamarhati,Manipur
CUST000320,Ishanvi Banerjee,Female,Ambattur,Uttar Pradesh
CUST000321,Bina Swaminathan,Male,Kanpur,Tamil Nadu
CUST000322,Ekani Manda,Female,Sri Ganganagar,Arunachal Pradesh
CUST000323,Ucchal Narula,Female,Dindigul,Sikkim
CUST000324,Chatura Ranganathan,Female,Anantapur,Uttar Pradesh
CUST000325,Aditya Bose,Female,Bhind,Kerala
CUST000326,Harish Patla,Female,Sambalpur,Tamil Nadu
CUST000327,Dayamai Kaul,Female,Darbhanga,Meghalaya
CUST000328,Indira Natarajan,Male,Surendranagar Dudhrej,Punjab
CUST000329,Jasmit Lalla,Male,Firozabad,West Bengal
CUST000330,Naveen Subramanian,Male,Sikar,Tripura
CUST000331,Ekta Saran,Male,Mehsana,Meghalaya
CUST000332,Jagvi Mann,Male,Tiruchirappalli,Madhya Pradesh
CUST000333,Amara Oommen,Male,Alappuzha,Meghalaya
CUST000334,Tanvi Natarajan,Male,Jehanabad,Odisha
CUST000335,Panini Kapur,Female,Parbhani,Tripura
CUST000336,Nidhi Varughese,Male,Tezpur,Tripura
CUST000337,Ekbal Majumdar,Female,Gulbarga,Assam
CUST000338,Rehaan Khurana,Female,Kozhikode,Assam
CUST000339,Upma Chowdhury,Female,Ambala,Telangana
CUST000340,Udant Vyas,Male,Farrukhabad,Jharkhand
CUST000341,Orinder Master,Male,Hapur,Sikkim
CUST000342,Isaac Bhandari,Female,Anantapuram,Tripura
CUST000343,Ishanvi Ahluwalia,Male,Phagwara,Nagaland
CUST000344,Jairaj Sengupta,Male,Kadapa,Kerala
CUST000345,Ekanta Ghosh,Male,Hindupur,Chhattisgarh
CUST000346,Jacob Chander,Male,Hosur,Uttarakhand
CUST000347,Sudiksha Kade,Female,Kumbakonam,Himachal Pradesh
CUST000348,Zaid Raghavan,Female,Mahbubnagar,Gujarat
CUST000349,Chaman Joshi,Female, Satna ,Maharashtra
CUST000350,Bahadurjit Morar,Male,Jamnagar,Meghalaya
CUST000351,Avi Seth,Female,Khammam,West Bengal
CUST000352,Aachal Bhalla,Female,Tezpur,Sikkim
CUST000353,Vedant Keer,Female,Coimbatore,Maharashtra
CUST000354,Geetika Soni,Male,Shivpuri,Meghalaya
CUST000355,Ijaya Chopra,Female,Ajmer,Karnataka
CUST000356,Quincy Mall,Male,Madhyamgram,Mizoram
CUST000357,Leena Sankaran,Male,Aurangabad,Gujarat
CUST000358,Advika Subramanian,Female,Bhilai,Mizoram
CUST000359,Balhaar Toor,Male,Motihari,Goa
CUST000360,Siddharth Narula,Female,Kollam,Maharashtra
CUST000361,Abha Chandra,Female,Bhiwandi,Tripura
CUST000362,Jeevika Talwar,Female,Jorhat,Assam
CUST000363,Sneha Sarma,Male,Junagadh,Kerala
CUST000364,Anika Gour,Male,Nanded,Andhra Pradesh
CUST000365,Abdul Gera,Female,Muzaffarnagar,Assam
CUST000366,Qasim Krishnamurthy,Female,Tezpur,Bihar
CUST000367,Frederick Wason,Female,Amaravati,Tamil Nadu
CUST000368,Dayamai Mannan,Male,New Delhi,Jharkhand
CUST000369,Balveer Gera,Female,Singrauli,Odisha
CUST000370,Avi Mangal,Female,Gaya,Maharashtra
CUST000371,Jacob Thakur,Male,Katihar,Mizoram
CUST000372,Onkar Sachdeva,Female,Sasaram,Arunachal Pradesh
CUST000373,Upma Sridhar,Female,Satna,Madhya Pradesh
CUST000374,Jagvi Venkataraman,Male,Dharmavaram,Chhattisgarh
CUST000375,Vyanjana Bose,Female,Srinagar,Tripura
CUST000376,Chandani Gupta,Male,Hazaribagh,West Bengal
CUST000377,Kavya Bakshi,Female,Bangalore,Nagaland
CUST000378,Harshil Jaggi,Male,Anantapuram,Telangana
CUST000379,Shaurya Vora,Male,Haridwar,Manipur
CUST000380,Vasudha Dyal,Male,Ramgarh,Andhra Pradesh
CUST000381,Ijaya Setty,Male,Amaravati,Madhya Pradesh
CUST000382,Ojas Agarwal,Female,Kurnool,Goa
CUST000383,Zehaan Muni,Male,Jamalpur,Goa
CUST000384,Rachit Sur,Male,Nadiad,Kerala
CUST000385,Faqid Lata,Male,Phagwara,Karnataka
CUST000386,,Male,Tiruchirappalli,Odisha
CUST000387,Falak Bajaj,Female,Suryapet,Uttarakhand
CUST000388,Saanvi Nanda,Female,Nanded,Haryana
CUST000389,Meera Choudhury,Female,Sonipat,Haryana
CUST000390,Laban Bora,Female,Proddatur,Kerala
CUST000391,Aarini D’Alia,Female,Sikar,Karnataka
CUST000392,Jasmit Walia,Male,Thrissur,Tripura
CUST000393,Baghyawati Majumdar,Male,Bijapur,Goa
CUST000394,Isha Talwar,Male,Ambattur,Meghalaya
CUST000395,Advika Krishna,Female,Begusarai,Tamil Nadu
CUST000396,Madhavi Bir,Male,Raipur,Tripura
CUST000397,Yauvani Sathe,Male,Dhule,Tripura
CUST000398,Meghana Ratti,Female,Alappuzha,Rajasthan
CUST000399,Anya Lad,Female,Delhi,Mizoram
CUST000400,Bhanumati Pillay,Female,Korba,Assam
CUST000401,Sudiksha Shan,Female,Durgapur,Haryana
CUST000402,Gaurav Prakash,Female,Dharmavaram,Manipur
CUST000403,Dayita Loke,Male,Kharagpur,Nagaland
CUST000404,Tara Butala,Male,Alappuzha,Rajasthan
CUST000405,Jai Sundaram,Male,Delhi,Chhattisgarh
CUST000406,Kamala Sinha,Male,Unnao,Telangana
CUST000407,Ethan Sundaram,Female,Siwan,Sikkim
CUST000408,Bhanumati Kamdar,Female,Jabalpur,Karnataka
CUST000409,Imaran Padmanabhan,Male,Siliguri,Jharkhand
CUST000410,Idika Rao,Female, Tadepalligudem ,Tamil Nadu
CUST000411,Mitesh Morar,Female,Pali,Tripura
CUST000412,Anamika Bhandari,Female,Ballia,Goa
CUST000413,Qadim Issac,Female,Mangalore,Haryana
CUST000414,Vincent Ramaswamy,Female,Siliguri,Tripura
CUST000415,Eta Hari,Male,Amravati,Meghalaya
CUST000416,Hemani Ray,Female,Hindupur,Punjab
CUST000417,Gabriel Walla,Male,Jaunpur,Karnataka
CUST000418,Avni Ahuja,Female,Patna,Bihar
CUST000419,Nimrat Varghese,Female,Chapra,Sikkim
CUST000420,Balendra Konda,Male,Vijayanagaram,Odisha
CUST000421,Sarthak Yogi,Male,Akola,Rajasthan
CUST000422,Jairaj Vasa,Female,Rewa,Goa
CUST000423,Unni Peri,Female,Kadapa,Kerala
CUST000424,Balveer Kurian,Male,Machilipatnam,Tamil Nadu
CUST000425,Baljiwan Pandya,Female,Bhubaneswar,Uttar Pradesh
CUST000426,Irya Comar,Male,Barasat,Haryana
CUST000427,Nitara Vora,Male,Gwalior,Madhya Pradesh
CUST000428,Anusha Agate,Female,Siliguri,Maharashtra
CUST000429,Darsh Nigam,Female,Silchar,Nagaland
CUST000430,Azaan Bhasin,Female,Bhiwani,Manipur
CUST000431,Mekhala Wable,Male,Kolkata,Punjab
CUST000432,Matthew Sachdeva,Male,Machilipatnam,Chhattisgarh
CUST000433,Aarini Singh,Female,Gopalpur,Sikkim
CUST000434,Suhani Bal,Male,Madurai,Mizoram
CUST000435,Zashil Pingle,Female,Naihati,Tamil Nadu
CUST000436,Patrick Chopra,Male,Alwar,Madhya Pradesh
CUST000437,Daksh Sachdev,Female,Aligarh,Karnataka
CUST000438,Varsha Singh,Male,Nagercoil,Andhra Pradesh
CUST000439,Ekavir Grewal,Female,Tumkur,Uttarakhand
CUST000440,Meera Bhargava,Male,Junagadh,Manipur
CUST000441,Onkar Mukherjee,Female,Bidhannagar,Sikkim
CUST000442,Gunbir D’Alia,Female,Thrissur,Tripura
CUST000443,Karan Cherian,Female,Anantapuram,Manipur
CUST000444,Benjamin Subramanian,Female,Chennai,Odisha
CUST000445,Maanas Kata,Female,Shivpuri,Uttar Pradesh
CUST000446,Daksha Suresh,Male,Kavali,Tripura
CUST000447,Gautami Dutt,Female,Buxar,Uttarakhand
CUST000448,Warhi Chander,Female,Kolhapur,Assam
CUST000449,Radhika Singh,Male,Bathinda,Andhra Pradesh
CUST000450,Sanaya Yadav,Female,Ramagundam,Tripura
CUST000451,Ranveer Raja,Female,Thane,West Bengal
CUST000452,Veer Palla,Female,Nangloi Jat,Nagaland
CUST000453,Veda Khurana,Female,Dhule,Haryana
CUST000454,Xalak Yohannan,Male,Yamunanagar,Meghalaya
CUST000455,Amruta Kannan,Female,Meerut,Haryana
CUST000456,Manbir Taneja,Male,Jabalpur,Tamil Nadu
CUST000457,Nisha Natarajan,Male,Pondicherry,Rajasthan
CUST000458,Faris Iyer,Female,Agra,Mizoram
CUST000459,Akshay Mahajan,Male,Kochi,Himachal Pradesh
CUST000460,Azaan Thakkar,Male,Bhind,Kerala
CUST000461,Hardik Verma,Female,Singrauli,Chhattisgarh
CUST000462,Janya Choudhry,Female,Jaipur,Gujarat
CUST000463,Pallavi Kannan,Female,Rajahmundry,Tripura
CUST000464,Yutika Prashad,Male,Kishanganj,Goa
CUST000465,Vedant Gade,Male,Ahmedabad,Uttarakhand
CUST000466,Simon Sachdev,Female,Shivpuri,Maharashtra
CUST000467,David Sur,Male,Durg,Telangana
CUST000468,Nilima Kulkarni,Female,Fatehpur,Bihar
CUST000469,Champak Panchal,Female,Rewa,Chhattisgarh
CUST000470,Jagvi Dutt,Male,Thiruvananthapuram,Mizoram
CUST000471,Charvi Tripathi,Male,Alwar,Karnataka
CUST000472,Indali Radhakrishnan,Male,Visakhapatnam,Tripura
CUST000473,Zilmil Bhatnagar,Female,Etawah,Odisha
CUST000474,Advika Bhatnagar,Female,Tadepalligudem,Gujarat
CUST000475,Wahab Misra,Female,Muzaffarpur,Jharkhand
CUST000476,Ishaan Saxena,Female,Ambarnath,West Bengal
CUST000477,Jasmit Sen,Female,Gopalpur,Madhya Pradesh
CUST000478,Triya Dara,Male,Mau,Kerala
CUST000479,Siddharth Mandal,Male,Berhampur,Tamil Nadu
CUST000480,Rayaan Lanka,Male,Dehri,Sikkim
CUST000481,Chanakya Virk,Male,Bidhannagar,Madhya Pradesh
CUST000482,Daksha Lala,Female,Kottayam,Rajasthan
CUST000483,Simon Chad,Female,Hospet,Nagaland
CUST000484,Chandresh Dhar,Male,Mahbubnagar,Madhya Pradesh
CUST000485,Umang Vyas,Female,Bareilly,Uttarakhand
CUST000486,,Male,Darbhanga,Odisha
CUST000487,Isaiah Chaudhry,Female,Ghaziabad,Telangana
CUST000488,Vidhi Johal,Male,Bihar Sharif,Uttarakhand
CUST000489,Tanay Deol,Male,Hapur,Tripura
CUST000490,Samarth Raja,Female,Kochi,Odisha
CUST000491,Dipta Banik,Male,Howrah,Uttar Pradesh
CUST000492,Vasana Narula,Male,Bhilwara,Madhya Pradesh
CUST000493,Faraj Handa,Male,Eluru,Maharashtra
CUST000494,Deepa Tandon,Female,Varanasi,Gujarat
CUST000495,Zashil Mitter,Male,Karnal,Chhattisgarh
CUST000496,Yashica Agate,Male,Bhubaneswar,Uttarakhand
CUST000497,Rajeshri Dhingra,Male,Jalgaon,Haryana
CUST000498,Aarav Sharma,Male,Kishanganj,Karnataka
CUST000499,Lopa Uppal,Male,Howrah,Madhya Pradesh
CUST000500,Urvi Lad,Female,Chennai,Kerala
CUST000501,Edhitha Behl,Female,Chandrapur,Haryana
CUST000502,Fitan Magar,Female,Adoni,Bihar
CUST000503,Gagan Mani,Female,Warangal,Punjab
CUST000504,Ikshita Vala,Female,Chittoor,Gujarat
CUST000505,Reva Naidu,Female,Bilaspur,Manipur
CUST000506,William Nadig,Male,Coimbatore,Andhra Pradesh
CUST000507,Kiaan Mistry,Male,Dehradun,Uttarakhand
CUST000508,Victor De,Female,Udaipur,Tripura
CUST000509,Diya Bera,Male,Coimbatore,Goa
CUST000510,Raghav Purohit,Female,Bhilwara,Manipur
CUST000511,Yashodhara Raju,Male,Mehsana,Himachal Pradesh
CUST000512,Ekanta Handa,Male,Bhimavaram,Karnataka
CUST000513,Patrick Thakkar,Male,Vijayawada,Bihar
CUST000514,Kalpit Hayre,Male,Udupi,Bihar
CUST000515,Yachana Mittal,Female,Mathura,Odisha
CUST000516,Xavier Kala,Male,Karnal,Sikkim
CUST000517,Faris Dhawan,Female,Tirupati,Goa
CUST000518,Hemani Parekh,Male,Begusarai,Uttar Pradesh
CUST000519,Faris Anand,Male,Eluru,Nagaland
CUST000520,Chatura Pandya,Female,Gulbarga,Himachal Pradesh
CUST000521,Robert Pau,Female,Alwar,Goa
CUST000522,Dayamai Virk,Female,Narasaraopet,Arunachal Pradesh
CUST000523,Omya Korpal,Male,Jorhat,Himachal Pradesh
CUST000524,Advaith Vora,Female,Sagar,Odisha
CUST000525,Eta Sani,Male,Ozhukarai,Uttar Pradesh
CUST000526,Hritik Barman,Female,Akola,Tamil Nadu
CUST000527,Harini Vyas,Female,Farrukhabad,Gujarat
CUST000528,Avni Deo,Male,Lucknow,Uttarakhand
CUST000529,Qarin Kaur,Male,Salem,Meghalaya
CUST000530,Qarin Uppal,Male,Dehri,Assam
CUST000531,Joshua Sankar,Female,Loni,Mizoram
CUST000532,Amaira Dixit,Female,Howrah,Karnataka
CUST000533,Damyanti Sastry,Female,Motihari,Tripura
CUST000534,Idika Pai,Female,Varanasi,Haryana
CUST000535,Aarnav Tella,Male,Bharatpur,Madhya Pradesh
CUST000536,Yashasvi Suri,Male,Kharagpur,Andhra Pradesh
CUST000537,Omkaar Mangal,Female,Tinsukia,Uttar Pradesh
CUST000538,Lajita Gill,Female,Guntakal,Himachal Pradesh
CUST000539,Bimala Kala,Male,Thoothukudi,Kerala
CUST000540,Lopa Bala,Female,Hazaribagh,Telangana
CUST000541,Amrita Raman,Female,Cuttack,Goa
CUST000542,Nidra Agarwal,Female,Alwar,Tamil Nadu
CUST000543,David Bhatnagar,Female,Kirari Suleman Nagar,Punjab
CUST000544,Arunima Kade,Female,Thiruvananthapuram,Odisha
CUST000545,Udarsh Jani,Male,Khandwa,Arunachal Pradesh
CUST000546,Mason Narang,Male,Kharagpur,West Bengal
CUST000547,Ucchal Warrior,Male,Pudukkottai,Assam
CUST000548,Joshua Mannan,Female,Vijayawada,Uttar Pradesh
CUST000549,Yashasvi Grewal,Female,Bhubaneswar,Maharashtra
CUST000550,Pratyush Walia,Female,Kamarhati,Tripura
CUST000551,Chaitaly Magar,Male,Ludhiana,Andhra Pradesh
CUST000552,Kavya Bhatt,Female,Patna,Tamil Nadu
CUST000553,Hardik Varty,Female,Siwan,West Bengal
CUST000554,Watika Sawhney,Female,Sasaram,Arunachal Pradesh
CUST000555,Parth Iyengar,Male,Surat,Tripura
CUST000556,Anvi Merchant,Male,Bidar,Sikkim
CUST000557,Sanya Sandhu,Male,Etawah,Jharkhand
CUST000558,Om Arora,Female,Guna,Uttar Pradesh
CUST000559,Samuel Manda,Female,Hapur,Gujarat
CUST000560,Zilmil Narayan,Female,Mathura,Nagaland
CUST000561,Harshil Mital,Male,Purnia,Punjab
CUST000562,Dayita Chaudhuri,Male, Navi Mumbai ,Arunachal Pradesh
CUST000563,Shivani Bhattacharyya,Female,Vasai-Virar,Himachal Pradesh
CUST000564,Abhiram Bava,Female,Malegaon,Uttarakhand
CUST000565,Mohammed Chokshi,Male,Rewa,Gujarat
CUST000566,Ranbir Grewal,Female,Medininagar,Chhattisgarh
CUST000567,Prisha Ravel,Female,Khandwa,Telangana
CUST000568,Abha Bhakta,Female,Proddatur,Sikkim
CUST000569,Priya Puri,Female,Jalna,Manipur
CUST000570,Sathvik Rao,Male,Jalandhar,Meghalaya
CUST000571,Karan Rege,Female,Gandhidham,Manipur
CUST000572,Warhi Shanker,Female,Mahbubnagar,Sikkim
CUST000573,Jackson Kulkarni,Female,Jamshedpur,Chhattisgarh
CUST000574,Vasatika Nadig,Female,Mira-Bhayandar,Gujarat
CUST000575,Jeevika Batra,Male,Nadiad,Rajasthan
CUST000576,Diya Yogi,Female,Vijayawada,Tamil Nadu
CUST000577,Azaan Mukhopadhyay,Female,Mango,Odisha
CUST000578,Ekiya Hayre,Female,Dehri,Himachal Pradesh
CUST000579,Urvashi Ahuja,Female,Korba,Manipur
CUST000580,Frado Sridhar,Female,Lucknow,Uttarakhand
CUST000581,Jairaj Mann,Female,Jamalpur,Nagaland
CUST000582,Bhavna Arya,Male,Gudivada,Telangana
CUST000583,Urmi Mutti,Male,Unnao,Bihar
CUST000584,Idika Kohli,Female,Chandigarh,Arunachal Pradesh
CUST000585,Rudra Sidhu,Female,Jammu,Uttarakhand
CUST000586,Aarnav Chand,Male,Raipur,Odisha
CUST000587,Bahadurjit Keer,Male,Dharmavaram,Karnataka
CUST000588,Nitara Varughese,Male,Buxar,Telangana
CUST000589,Chavvi Sant,Male,Jamshedpur,Jharkhand
CUST000590,Brinda Bakshi,Female,Jaipur,Mizoram
CUST000591,Jason Mahal,Male,Mira-Bhayandar,Meghalaya
CUST000592,Chatresh Kohli,Female,Chittoor,Rajasthan
CUST000593,Alka Bobal,Male,Rajkot,Meghalaya
CUST000594,Falguni Bawa,Male,Junagadh,Arunachal Pradesh
CUST000595,Chandran Radhakrishnan,Male,Baranagar,Arunachal Pradesh
CUST000596,Dalaja Aggarwal,Male,Thiruvananthapuram,Nagaland
CUST000597,Nisha Manne,Female,Etawah,Meghalaya
CUST000598,Manbir Nayak,Female,Dhanbad,Maharashtra
CUST000599,Yagnesh Sidhu,Male,Bharatpur,Bihar
CUST000600,Saumya Solanki,Male,Ozhukarai,Karnataka
CUST000601,Falan Bhattacharyya,Female,Munger,Tripura
CUST000602,Ekavir Sule,Male,Mango,Telangana
CUST000603,Abeer Krish,Female,Rajpur Sonarpur,Himachal Pradesh
CUST000604,Aahana Narula,Female,Raipur,Andhra Pradesh
CUST000605,Robert Padmanabhan,Male,Vijayanagaram,Assam
CUST000606,Yashodhara Padmanabhan,Female,Anantapuram,Haryana
CUST000607,Bahadurjit Ganguly,Female,Tiruppur,Gujarat
CUST000608,Alka Mitra,Male,Chandigarh,Telangana
CUST000609,Naksh Natt,Male,Unnao,West Bengal
CUST000610,Ati Gulati,Male,Delhi,Kerala
CUST000611,Ekantika Virk,Unknown,Sasaram,Punjab
CUST000612,Ekapad Tripathi,Male,Kochi,Gujarat
CUST000613,Indrajit Seshadri,Male,Danapur,Himachal Pradesh
CUST000614,Priya Chandran,Female,Ulhasnagar,Chhattisgarh
CUST000615,Devika Datta,Female,Morbi,Maharashtra
CUST000616,Vamakshi Korpal,Male,Dehri,Tamil Nadu
CUST000617,Kevin Om,Unknown,Jaipur,Haryana
CUST000618,Nachiket Bali,Female,Jalna,Sikkim
CUST000619,Zinal Kala,Male,Ambarnath,Meghalaya
CUST000620,Akshay Karan,Male,Karawal Nagar,Uttarakhand
CUST000621,Sanya Ghosh,Male,Karaikudi,Telangana
CUST000622,Finn Gokhale,Female,Kulti,Maharashtra
CUST000623,Damyanti Yogi,Female,Nangloi Jat,Karnataka
CUST000624,Indira Sami,Male,Sambhal,Assam
CUST000625,Garima Shukla,Male,Rampur,West Bengal
CUST000626,Jack Bala,Male,Burhanpur,Andhra Pradesh
CUST000627,Nimrat Sem,Female,Proddatur,Meghalaya
CUST000628,Kevin Parekh,Female,Amravati,Tamil Nadu
CUST000629,Ishani Nagar,Female,Jalna,Nagaland
CUST000630,Yahvi Prabhu,Male,Howrah,Tripura
CUST000631,Indali Chhabra,Male,Raebareli,Arunachal Pradesh
CUST000632,David Kalla,Female,Raebareli,Maharashtra
CUST000633,Aarush Panchal,Female,Jamnagar,Maharashtra
CUST000634,Praneel Chahal,Female,Phusro,Karnataka
CUST000635,Lohit Kuruvilla,Male,Berhampore,Chhattisgarh
CUST000636,Abhimanyu Dave,Female,Tenali,Karnataka
CUST000637,Girish Sahota,Male,Phagwara,Sikkim
CUST000638,Neelima Walla,Female,Ballia,Nagaland
CUST000639,Raghav Dey,Male,Tiruppur,Karnataka
CUST000640,Peter Sachdev,Male,Sikar,Arunachal Pradesh
CUST000641,Ijaya Nazareth,Male,Uluberia,Odisha
CUST000642,Jagat Dutta,Female,Ambarnath,Assam
CUST000643,Mohini Wason,Male,Berhampur,Assam
CUST000644,Zinal Natarajan,Male,Latur,Jharkhand
CUST000645,Aarnav Dalal,Female,Sonipat,Mizoram
CUST000646,Ekaraj Dasgupta,Female,Munger,Uttarakhand
CUST000647,Megha Soman,Female,Hindupur,Manipur
CUST000648,Samarth Grover,Male,Karawal Nagar,Punjab
CUST000649,Vritti Golla,Male,Sambhal,Punjab
CUST000650,Ekani Vora,Male,Bettiah,Nagaland
CUST000651,Aradhana Parikh,Female,Imphal,Haryana
CUST000652,Vaishnavi Majumdar,Male,North Dumdum,Uttar Pradesh
CUST000653,Panini Tandon,Male,Khandwa,Himachal Pradesh
CUST000654,Jason Palla,Male,Surat,West Bengal
CUST000655,Mason Khurana,Male,Bilaspur,Gujarat
CUST000656,Geetika Gade,Male,Surendranagar Dudhrej,Maharashtra
CUST000657,Noah Mukhopadhyay,Male,Tiruchirappalli,Assam
CUST000658,Rajata Varma,Female,Vasai-Virar,Uttarakhand
CUST000659,David Ghose,Male,Ghaziabad,Arunachal Pradesh
CUST000660,Samuel Lad,Female,Karawal Nagar,Himachal Pradesh
CUST000661,Meera Dutta,,Etawah,Tripura
CUST000662,Faraj Yadav,Male,Cuttack,Manipur
CUST000663,Ayushman Sabharwal,Female,Bhatpara,Chhattisgarh
CUST000664,Utkarsh Randhawa,Female,Ludhiana,Sikkim
CUST000665,Daniel Virk,Female,Jamalpur,Meghalaya
CUST000666,Anika Kashyap,Female,Udaipur,Haryana
CUST000667,Anthony Ram,Male,Panchkula,Meghalaya
CUST000668,Vivaan Parmar,Female,Dharmavaram,Manipur
CUST000669,Gagan Butala,Male,Erode,Tripura
CUST000670,Noah Bail,Female,Aurangabad,Tamil Nadu
CUST000671,Lohit Venkatesh,Female,Agra,Maharashtra
CUST000672,Gavin Subramaniam,Female,Agra,Gujarat
CUST000673,Ganga Tiwari,Male,Jamshedpur,Odisha
CUST000674,Divya Grover,Female,Berhampur,Chhattisgarh
CUST000675,Max Khosla,Female,Loni,Karnataka
CUST000676,Prisha Iyer,Female,Khammam,Karnataka
CUST000677,Hemani Apte,Male,Agra,West Bengal
CUST000678,Parth Iyer,Male,Aizawl,Maharashtra
CUST000679,Kabir Tak,Male,Karawal Nagar,Tamil Nadu
CUST000680,Abhimanyu Rau,Male,Faridabad,Rajasthan
CUST000681,Radha Chhabra,Male,Bhubaneswar,Tamil Nadu
CUST000682,Garima Lall,Male,Burhanpur,Nagaland
CUST000683,Maya Balasubramanian,Female,Satna,Rajasthan
CUST000684,Varenya Tank,Female,Nizamabad,Punjab
CUST000685,Yochana Chokshi,Female,Sri Ganganagar,Karnataka
CUST000686,Ekbal Wable,Male,Sri Ganganagar,Meghalaya
CUST000687,Yug Bajaj,Female,Pali,Rajasthan
CUST000688,Hitesh Bedi,Male,Gangtok,Uttar Pradesh
CUST000689,Caleb Rajagopalan,Male,Kochi,Andhra Pradesh
CUST000690,Ansh Karan,Female,Anantapuram,Telangana
CUST000691,Upkaar Aurora,Female,Mehsana,Mizoram
CUST000692,Xiti Sabharwal,Male,Shimoga,Madhya Pradesh
CUST000693,Vanya Menon,Male,Alwar,Rajasthan
CUST000694,Anvi Deshpande,Male,Tiruvottiyur,Haryana
CUST000695,Rajeshri Khurana,Male,Bhubaneswar,Kerala
CUST000696,Tanay Gaba,Female,Gudivada,Uttarakhand
CUST000697,Ubika Dani,Male,Proddatur,Maharashtra
CUST000698,Samaksh Mangat,Female,Dibrugarh,Maharashtra
CUST000699,Aadhya Mukhopadhyay,Male,Karaikudi,Karnataka
CUST000700,,Male,Bally,Haryana
CUST000701,Gaurika Dugal,Female,Fatehpur,West Bengal
CUST000702,Krishna Narang,Male,Adoni,Uttarakhand
CUST000703,Nisha Sem,Female,Kochi,Nagaland
CUST000704,Raghav Puri,Female,Hyderabad,Chhattisgarh
CUST000705,Jhalak Borde,Male,Satna,Punjab
CUST000706,Ekani Buch,Male,Nandyal,Goa
CUST000707,Wyatt Devan,Male,Asansol,Goa
CUST000708,Anusha Dutt,Female,Bhopal,Chhattisgarh
CUST000709,Reyansh Wason,Male,Hyderabad,Maharashtra
CUST000710,Yashawini Dube,Male,Hosur,Mizoram
CUST000711,Dalaja Datta,Female,Eluru,Chhattisgarh
CUST000712,Abhimanyu Bath,Female,Loni,Gujarat
CUST000713,Kabir Lall,Male,Sikar,Uttar Pradesh
CUST000714,Udyati Grover,Female,Hapur,Manipur
CUST000715,Aradhana Walla,Male,Sikar,Kerala
CUST000716,,Male,Ulhasnagar,Andhra Pradesh
CUST000717,Alka Tella,Female,Pimpri-Chinchwad,Telangana
CUST000718,Sathvik Subramanian,Male,Malegaon,Himachal Pradesh
CUST000719,Zaitra Prashad,Female,Bilaspur,Maharashtra
CUST000720,Ayaan Samra,Male,Aurangabad,Andhra Pradesh
CUST000721,Keya Om,Female,Darbhanga,Uttarakhand
CUST000722,Rushil Nagarajan,Male,Silchar,Madhya Pradesh
CUST000723,Lila Johal,Female,Ozhukarai,Kerala
CUST000724,Yatan Shenoy,Male,Khammam,Nagaland
CUST000725,Harsh Srinivasan,Female,Burhanpur,Bihar
CUST000726,Maanas Agate,Female,Gopalpur,Mizoram
CUST000727,Ishanvi Ratta,Male,Begusarai,Jharkhand
CUST000728,Ekapad Bahri,Female,Bongaigaon,Arunachal Pradesh
CUST000729,Ekantika Sha,Female,Gorakhpur,Punjab
CUST000730,Tanveer Jhaveri,Female,Tirunelveli,Uttar Pradesh
CUST000731,Bakhshi Trivedi,Female,Tadipatri,Uttarakhand
CUST000732,Tanay Kala,Female,Sasaram,Meghalaya
CUST000733,Faqid Mukherjee,Male,Purnia,Gujarat
CUST000734,Vasana Barad,Male,Rampur,Madhya Pradesh
CUST000735,Matthew Morar,Female,Ghaziabad,Manipur
CUST000736,Oliver Savant,Female,Amritsar,Uttar Pradesh
CUST000737,Avni Mishra,Female,Raipur,Tripura
CUST000738,Priya Viswanathan,Female,Miryalaguda,Arunachal Pradesh
CUST000739,Keya Chopra,Male,Panchkula,Telangana
CUST000740,Sai Barad,Female,Moradabad,Chhattisgarh
CUST000741,Lucky Kanda,Male,Morena,Odisha
CUST000742,Sarthak Sharma,Female,Bellary,Nagaland
CUST000743,Udarsh Dani,Female,Agra,Haryana
CUST000744,Azad Shenoy,Male,Hospet,Punjab
CUST000745,Advay Nanda,Male,Rewa,Chhattisgarh
CUST000746,Deepa Kulkarni,Male,Jhansi,Assam
CUST000747,Samarth Iyengar,Male,Gorakhpur,Telangana
CUST000748,Ekaraj Tak,Female,Burhanpur,Maharashtra
CUST000749,Sarthak Garde,Female,Bidhannagar,Maharashtra
CUST000750,Harita Datta,Male,Kumbakonam,Jharkhand
CUST000751,Ubika Pillai,Female,Karnal,Bihar
CUST000752,Radhika Om,Female,Panipat,Manipur
CUST000753,Chandani Sankar,Male,Bhopal,Tripura
CUST000754,Madhav Dugal,Female,Motihari,Kerala
CUST000755,Abha Sarin,Male,Davanagere,Meghalaya
CUST000756,Ishanvi Kadakia,Male,Kolhapur,Chhattisgarh
CUST000757,Sai Pall,Female,Ramgarh,Punjab
CUST000758,Jagvi Vohra,Female,Ramagundam,Goa
CUST000759,Charan Lalla,Male,Tadepalligudem,Telangana
CUST000760,Kai Dada,Male,Coimbatore,Goa
CUST000761,Zayan Tella,Male,Dharmavaram,Meghalaya
CUST000762,Mohini Lad,Male,Kurnool,Uttar Pradesh
CUST000763,Chameli Keer,Female,Bally,Himachal Pradesh
CUST000764,Nihal Muni,Male,Tinsukia,Tamil Nadu
CUST000765,Zilmil Shere,Male,Hapur,Rajasthan
CUST000766,Bimala Majumdar,Male,Dhule,Odisha
CUST000767,Aishani Lal,Male,Imphal,Sikkim
CUST000768,Advika Raja,Female,Karnal,Arunachal Pradesh
CUST000769,Zayyan Ben,Female,Buxar,Assam
CUST000770,Nitara Mukhopadhyay,F,Sikar,Haryana
CUST000771,Teerth Mahajan,Female,Buxar,Nagaland
CUST000772,Keya Rattan,Male,Gopalpur,Kerala
CUST000773,Mahika Halder,Female,Bhavnagar,Odisha
CUST000774,Gaurika Doctor,Female,Ambattur,Uttar Pradesh
CUST000775,Vedant Bumb,Female,Kalyan-Dombivli,Maharashtra
CUST000776,Vritti Khalsa,Female,Tiruvottiyur,Tripura
CUST000777,Upadhriti Deol,Male,Khora ,Gujarat
CUST000778,Om Rout,Male,Jehanabad,Karnataka
CUST000779,Oni Gulati,Male,Jehanabad,Rajasthan
CUST000780,Vincent Vig,Male,Kottayam,Odisha
CUST000781,Siddharth Bhasin,Male,Jaunpur,Chhattisgarh
CUST000782,Praneel Parikh,Male,Katni,Telangana
CUST000783,Warda Yogi,Male,Ajmer,Nagaland
CUST000784,Rajata Yadav,Female,Bidar,Karnataka
CUST000785,Kavya Jha,Male,Chinsurah,Tamil Nadu
CUST000786,Tanveer Krishnamurthy,Male,Yamunanagar,Kerala
CUST000787,Daniel Yogi,Male,Gudivada,Rajasthan
CUST000788,Falan Patil,Male,Imphal,Sikkim
CUST000789,Rushil Arora,Male,Imphal,Haryana
CUST000790,Amaira Sinha,Female,Tiruppur,Kerala
CUST000791,Gaurika Sunder,Male,Nellore,West Bengal
CUST000792,Darpan Toor,Female,Bareilly,Sikkim
CUST000793,Pranit Dalal,Male,Thiruvananthapuram,Tripura
CUST000794,Teerth Kar,Female,Tiruvottiyur,Karnataka
CUST000795,Lipika Yadav,Female,Ambattur,Nagaland
CUST000796,Chatresh Dave,Female,Muzaffarpur,Punjab
CUST000797,Christopher Ray,Male,Kolhapur,West Bengal
CUST000798,Maanav Bhatnagar,Male,Kurnool,Karnataka
CUST000799,Tanvi Sachar,Female,Baranagar,Punjab
CUST000800,Isha Bhagat,Male,Bardhaman,Punjab
CUST000801,,Female,Udaipur,Madhya Pradesh
CUST000802,Jagvi Nadkarni,Female,Mira-Bhayandar,Kerala
CUST000803,Odika Chaudhuri,Male,Siwan,Tripura
CUST000804,Sai Mahal,Female,Bhubaneswar,Mizoram
CUST000805,Thomas Khurana,Female,Nashik,Jharkhand
CUST000806,Aadhya Kala,Male,Bongaigaon,Punjab
CUST000807,Arin Ghose,Male,Ozhukarai,Nagaland
CUST000808,Mugdha Rai,Male,Rajahmundry,Kerala
CUST000809,Yash Gara,Female,Lucknow,Meghalaya
CUST000810,Ria Raval,Male, Davanagere ,Uttarakhand
CUST000811,Ishanvi Sankar,Male,Vadodara,Rajasthan
CUST000812,Bhavika Karan,Female,Sonipat,West Bengal
CUST000813,Yachana Agrawal,Female,Siwan,Andhra Pradesh
CUST000814,Warinder Sant,Female,Kolkata,Karnataka
CUST000815,Ojas Singhal,Female,Serampore,Assam
CUST000816,Dipta Dora,Female,Hospet,Kerala
CUST000817,Veer Rajagopal,Female,Chandrapur,Telangana
CUST000818,Akshay Raja,Female,Varanasi,Mizoram
CUST000819,Bishakha Cherian,Female,Dehradun,Rajasthan
CUST000820,Nandini Konda,Male,Bhopal,Punjab
CUST000821,David Dara,Female,Bathinda,Arunachal Pradesh
CUST000822,Janaki Kota,Female,Deoghar,Uttar Pradesh
CUST000823,Omkaar Murthy,Male,Pimpri-Chinchwad,Tripura
CUST000824,Adya Chana,Male,Kumbakonam,Odisha
CUST000825,Laban Sarraf,Male,Adoni,Uttarakhand
CUST000826,Gaurangi Dube,Male,Dehradun,Sikkim
CUST000827,Alexander Nagy,Male,Suryapet,Sikkim
CUST000828,Patrick Char,Male,South Dumdum,Meghalaya
CUST000829,Raghav Nadig,Female, Rajpur Sonarpur ,Punjab
CUST000830,Akshay Koshy,Female,Kadapa,Jharkhand
CUST000831,Ekavir Bansal,Female,Khandwa,Manipur
CUST000832,Nirja Goswami,Female,Jalgaon,Punjab
CUST000833,Ekansh Tiwari,Female,Hyderabad,Punjab
CUST000834,Hardik Borra,Male,Mehsana,Gujarat
CUST000835,Lipika Salvi,Female,Panchkula,Jharkhand
CUST000836,Gayathri Mittal,Male,Jaipur,Maharashtra
CUST000837,Ekansh Wali,Male,Ratlam,Meghalaya
CUST000838,Kamala Mitra,Female,Sonipat,Manipur
CUST000839,Yatin Chanda,Male,Amroha,Manipur
CUST000840,Chasmum Brahmbhatt,Female,Sonipat,Bihar
CUST000841,Radha Sastry,Female,Malegaon,Sikkim
CUST000842,Jai Narula,Female,Surat,Haryana
CUST000843,Simon Narula,Male,Darbhanga,Odisha
CUST000844,Gautam Dutt,Male,Tiruchirappalli,Goa
CUST000845,Raksha Choudhury,Male,Ambarnath,Madhya Pradesh
CUST000846,Farhan Toor,Male,Ratlam,Sikkim
CUST000847,David Bansal,Female,Sultan Pur Majra,Arunachal Pradesh
CUST000848,Waida Balan,Female,Kollam,Madhya Pradesh
CUST000849,Chandresh Bains,Male,Anand,Nagaland
CUST000850,Peter Balan,Male,Panchkula,Uttarakhand
CUST000851,Harini Gupta,Male,Miryalaguda,Mizoram
CUST000852,Zayyan Chana,Male,Howrah,Uttar Pradesh
CUST000853,Falak Sane,Female,Motihari,Karnataka
CUST000854,Ishwar Rau,Female,Tirunelveli,Jharkhand
CUST000855,Eta Deol,Female,Buxar,Kerala
CUST000856,Aayush Gaba,Male,Patiala,Tamil Nadu
CUST000857,Arin Date,Female,Ambala,Manipur
CUST000858,Girik Ben,Male,Bhilai,Haryana
CUST000859,Dakshesh Chokshi,Female,Kamarhati,West Bengal
CUST000860,Bhanumati Prashad,Female,Sri Ganganagar,Uttar Pradesh
CUST000861,Vihaan Pillay,Male,Sonipat,Telangana
CUST000862,Arunima Purohit,Female,Kozhikode,Mizoram
CUST000863,Gaurika Dhar,Male,Rajpur Sonarpur,Rajasthan
CUST000864,Vansha Verma,Female,Jammu,Punjab
CUST000865,Abhimanyu Balay,Male,Muzaffarpur,Rajasthan
CUST000866,Waida Deshmukh,Female,Sasaram,Madhya Pradesh
CUST000867,Daksh Bera,Female,Mysore,Mizoram
CUST000868,Varsha Kamdar,Female,Madanapalle,Bihar
CUST000869,Falguni Lall,Male,Anand,Jharkhand
CUST000870,Xalak Magar,Male,Bharatpur,Kerala
CUST000871,Pahal Kulkarni,Male,Durg,Gujarat
CUST000872,Saanvi Narula,Female,Kulti,Sikkim
CUST000873,Dalaja Bawa,Female,Karnal,Odisha
CUST000874,Harinakshi Datta,Male,Dewas,Kerala
CUST000875,Lakshit Subramaniam,Male,Satna,West Bengal
CUST000876,Gaurika Nazareth,Female,Yamunanagar,Punjab
CUST000877,Ati Sawhney,Male,Asansol,Andhra Pradesh
CUST000878,Niharika Vyas,Male,Bhiwandi,Meghalaya
CUST000879,Dhriti Bajwa,Male,Morbi,Mizoram
CUST000880,Samarth Virk,Male,Srikakulam,Kerala
CUST000881,Leena Arora,Male,Pune,Chhattisgarh
CUST000882,Rishi Kalla,Female,Mangalore,Arunachal Pradesh
CUST000883,Yamini Krish,Male,Amritsar,Punjab
CUST000884,Charita Chandra,Male,Bellary,Karnataka
CUST000885,Dayamai Iyer,Female,Rajpur Sonarpur,Haryana
CUST000886,Xiti Dara,Male,Bidar,Kerala
CUST000887,Widisha Goyal,Male,Unnao,Jharkhand
CUST000888,Gaurang Lad,Male,Orai,Rajasthan
CUST000889,Aayush Boase,Male,Unnao,Odisha
CUST000890,David Ganguly,Female,Raebareli,Uttarakhand
CUST000891,Balhaar Bumb,Female,Bhubaneswar,Himachal Pradesh
CUST000892,Atharv Bhardwaj,Female,Arrah,Bihar
CUST000893,Bhavna Batta,Male, Bhopal ,Uttarakhand
CUST000894,Samaksh Loke,Female,Bhalswa Jahangir Pur,Tripura
CUST000895,Nilima Nayar,Female,Satara,Himachal Pradesh
CUST000896,Timothy Mane,Male,Ghaziabad,Sikkim
CUST000897,Anthony Vyas,Female,Katihar,Uttar Pradesh
CUST000898,Harrison Sawhney,Female,Shivpuri,Rajasthan
CUST000899,Imaran Dash,Female,Morbi,Uttarakhand
CUST000900,Fiyaz Gour,Female,Hazaribagh,Uttar Pradesh
CUST000901,Agastya Kothari,Male,Bhilai,Nagaland
CUST000902,Indira Khatri,Female,Nellore,Tamil Nadu
CUST000903,Brijesh Mutti,Female,Coimbatore,Telangana
CUST000904,Falguni Sachdeva,Male,Chittoor,Andhra Pradesh
CUST000905,Yamini Andra,Female,Ramgarh,Assam
CUST000906,Pranit Puri,Male,Saharanpur,Himachal Pradesh
CUST000907,Krish Randhawa,Male,Thanjavur,Andhra Pradesh
CUST000908,Anjali Toor,Male,Dindigul,Mizoram
CUST000909,Ganga Pai,Female,Belgaum,Sikkim
CUST000910,Samaksh Nayar,Male,Alappuzha,Mizoram
CUST000911,Ayush Raja,Male,Jalandhar,Bihar
CUST000912,Girik Iyer,Male,Gaya,Arunachal Pradesh
CUST000913,Wakeeta Saini,Male,Bellary,Tamil Nadu
CUST000914,Kiaan Bhagat,Male,Bardhaman,Kerala
CUST000915,Deepa Sarna,Male,Mahbubnagar,West Bengal
CUST000916,Faqid Rai,Female,Bhilai,Sikkim
CUST000917,Jyoti Nayak,Female,Pali,Punjab
CUST000918,Tanveer Talwar,Female,Chittoor,Goa
CUST000919,Keya Bhagat,Female,Karnal,Haryana
CUST000920,,Female,Nangloi Jat,West Bengal
CUST000921,Balendra Varty,Male,Thoothukudi,West Bengal
CUST000922,William Chawla,Female,Sirsa,Kerala
CUST000923,Januja Choudhary,Male,Jodhpur,Bihar
CUST000924,Zashil Mukhopadhyay,Male,Kozhikode,Odisha
CUST000925,Azad Bhakta,Male,Sultan Pur Majra,Rajasthan
CUST000926,Noah Boase,Female,Danapur,Uttarakhand
CUST000927,Sudiksha Guha,Female,Jammu,Odisha
CUST000928,Odika Gara,F,Kharagpur,Telangana
CUST000929,Eta Sibal,Male,Surendranagar Dudhrej,Haryana
CUST000930,Chakrika Kaur,Male,Maheshtala,Uttarakhand
CUST000931,Akshay Chana,Male,Panihati,Haryana
CUST000932,Nisha Jaggi,Female,Orai,Bihar
CUST000933,Hredhaan Khare,Female,Indore,Goa
CUST000934,Forum Lad,Female,Udupi,Jharkhand
CUST000935,Ridhi Edwin,Female,Lucknow,Haryana
CUST000936,Nitara Karan,Female, Dibrugarh ,Maharashtra
CUST000937,Faras Pai,Male,Dindigul,Kerala
CUST000938,Mohini Deshpande,Male,Thoothukudi,Rajasthan
CUST000939,Jacob Shan,Female,Mysore,Kerala
CUST000940,Siya Apte,Male,Shivpuri,Manipur
CUST000941,Warda Dhillon,Female,Pudukkottai,Assam
CUST000942,Ishita Goyal,Male,Patiala,Tamil Nadu
CUST000943,Yashawini Sahota,Male,Barasat,Manipur
CUST000944,Rudra Bhardwaj,Female,Shahjahanpur,West Bengal
CUST000945,Chasmum Murthy,Male,Raichur,Mizoram
CUST000946,Dhriti Ramaswamy,Female,Bokaro,Maharashtra
CUST000947,Upasna Puri,Female,Noida,West Bengal
CUST000948,Naveen Sant,Female,Darbhanga,Mizoram
CUST000949,Gautam Chawla,Female,Varanasi,Meghalaya
CUST000950,Vansha Dhar,Female,Shivpuri,Kerala
CUST000951,Madhav Gole,Female,Adoni,Gujarat
CUST000952,Anthony Ravi,Male,Maheshtala,Uttarakhand
CUST000953,Kevin Agrawal,Male,Dehradun,Rajasthan
CUST000954,Advika Banerjee,Female,Phusro,Jharkhand
CUST000955,Finn Mandal,Female,Tinsukia,Chhattisgarh
CUST000956,Tarak Tata,Female,Anantapur,Kerala
CUST000957,Ojas Brahmbhatt,Male,Eluru,Maharashtra
CUST000958,Zashil Chopra,Female,Giridih,Rajasthan
CUST000959,Arya Murthy,Female,Moradabad,Jharkhand
CUST000960,Nisha Pau,Male,Burhanpur,Maharashtra
CUST000961,Owen Khare,Male,Rajahmundry,Punjab
CUST000962,Faqid Dutt,Female,Kirari Suleman Nagar,Tripura
CUST000963,Raghav Bir,Male,Amroha,Punjab
CUST000964,,Male,Ambattur,Madhya Pradesh
CUST000965,Rushil Ganesan,Female,Jorhat,Himachal Pradesh
CUST000966,George Keer,Female,Mango,Mizoram
CUST000967,Ishani Majumdar,Female,Proddatur,Madhya Pradesh
CUST000968,Krisha Lalla,Male,Madurai,Tripura
CUST000969,Faraj Dubey,Male,Gudivada,Tripura
CUST000970,Warhi Om,Female,Jaunpur,Haryana
CUST000971,Kalpit Hayre,Male,Amaravati,Himachal Pradesh
CUST000972,Aahana Mital,Male,Tenali,Sikkim
CUST000973,Daniel Sharma,Female,Vijayawada,Gujarat
CUST000974,Maanav Sridhar,Male,Etawah,Madhya Pradesh
CUST000975,Lipika Dash,Male,Mathura,Madhya Pradesh
CUST000976,Dipta Peri,Female,Sikar,Gujarat
CUST000977,Champak Gade,Male,Pimpri-Chinchwad,Odisha
CUST000978,Jai Joshi,Male,Haridwar,Odisha
CUST000979,Vansha Basak,Male,Munger,Madhya Pradesh
CUST000980,Eesha Khare,Male,Tadipatri,Maharashtra
CUST000981,Shivani Saran,Female,Shimoga,Assam
CUST000982,Bakhshi Ravel,Male,Deoghar,Gujarat
CUST000983,Yuvraj Raman,Female,Nangloi Jat,Arunachal Pradesh
CUST000984,Chandran Mander,Female,Kamarhati,Chhattisgarh
CUST000985,Thomas Lal,Female,Dindigul,Jharkhand
CUST000986,,Female,Alwar,Maharashtra
CUST000987,Idika Batra,Female,Bhind,Uttarakhand
CUST000988,Ranveer Dugar,Male,Dewas,Tripura
CUST000989,Nandini Kadakia,Male,Sagar,Telangana
CUST000990,Ethan Sarin,Male,Karaikudi,Andhra Pradesh
CUST000991,Gaurang Mittal,Female,Satara,Assam
CUST000992,Fariq Palla,Male,Bokaro,Bihar
CUST000993,Bhavani Trivedi,Female,Silchar,Haryana
CUST000994,Adya Doctor,Female,Tirunelveli,Uttarakhand
CUST000995,Wishi Char,Female,Sambhal,Gujarat
CUST000996,Hredhaan Wagle,Male,Jaipur,Rajasthan
CUST000997,Jeremiah Savant,Male,Amroha,Andhra Pradesh
CUST000998,Aryan Rajagopal,Male,Rajkot,Karnataka
CUST000999,Yashasvi Mandal,Female,Hazaribagh,Gujarat
CUST001000,Aayush Kade,Male,Bettiah,Odisha
CUST000248,Oni Kurian,Male,Katni,West Bengal
CUST000188,William Rama,Female,Ramagundam,Odisha
CUST000311,Triya Edwin,Female,Delhi,Telangana
CUST000122,Rajata Yadav,Female,Alappuzha,Nagaland
CUST000620,Akshay Karan,Male,Karawal Nagar,Uttarakhand
CUST000791,Gaurika Sunder,Male,Nellore,West Bengal
CUST000349,Chaman Joshi,Female, Satna ,Maharashtra
CUST000594,Falguni Bawa,Male,Junagadh,Arunachal Pradesh
CUST000621,Sanya Ghosh,Male,Karaikudi,Telangana
CUST000711,Dalaja Datta,Female,Eluru,Chhattisgarh
